"","Median","LCI","UCI","Geweke.p","Heidel.p"
"K",31.628482,19.747612,57.034183,0.781,0.725
"r",0.10839,0.068923,0.164141,0.923,0.949
"q.1",4.882841,2.474507,8.037109,0.397,0.635
"q.2",0.613529,0.278944,1.336244,0.276,0.199
"psi",0.506043,0.363317,0.70132,0.126,0.953
"sigma2",0.017728,0.00999,0.033627,0.245,0.15
"tau2.1",0.077879,0.051879,0.120128,0.393,0.616
"tau2.2",0.167967,0.08651,0.400011,0.773,0.998
"m",2,2,2,NA,NA
