"","Median","LCI","UCI","Geweke.p","Heidel.p"
"K",31.375561,19.235746,56.048224,0.29,0.766
"r",0.108155,0.068939,0.167206,0.715,0.84
"q.1",4.79972,2.715476,8.041275,0.412,0.45
"q.2",0.622983,0.312814,1.328626,0.209,0.398
"psi",0.508251,0.360957,0.702631,0.458,0.768
"sigma2",0.021193,0.011456,0.038057,0.709,0.833
"tau2.1",0.077446,0.052455,0.123254,0.511,0.16
"tau2.2",0.171856,0.085796,0.399349,0.911,0.749
"m",2,2,2,NA,NA
