"","Median","LCI","UCI"
"K",31.628482,19.747612,57.034183
"r",0.10839,0.068923,0.164141
"q.1",4.882841,2.474507,8.037109
"sigma.proc",0.783,0.528,1.156
"psi",0.506043,0.363317,0.70132
"sigma2",0.017728,0.00999,0.033627
"tau2.1",0.077879,0.051879,0.120128
"tau2.2",0.167967,0.08651,0.400011
"m",2,2,2
"Hmsy",0.054,0.034,0.082
"SBmsy",15.814,9.874,28.517
"MSY",0.861,0.534,1.505
"P1948",0.492,0.337,0.694
"P2018",0.591,0.256,0.955
"B_Bmsy.cur",1.181,0.511,1.911
"H_Hmsy.cur",0.494,0.214,1.297
