"","Median","LCI","UCI","Geweke.p","Heidel.p"
"K",26.537463,16.79867,44.88246,0.062,0.269
"r",0.101542,0.064737,0.157298,0.401,0.6
"q.1",5.804259,3.153501,9.269287,0.614,0.974
"q.2",0.705326,0.350709,1.445147,0.708,0.496
"psi",0.506502,0.363595,0.705495,0.035,0.107
"sigma2",0.021433,0.01147,0.038953,0.757,0.952
"tau2.1",0.077507,0.051272,0.121137,0.36,0.83
"tau2.2",0.167385,0.087322,0.400717,0.534,0.44
"m",1.001,1.001,1.001,NA,NA
